TimeCreated,Id,LevelDisplayName,Message
07/20/2026 09:16:00,4624,Information,An account was successfully logged on. Account Name: carla Source Network Address: 192.168.1.12
07/20/2026 09:45:00,4624,Information,An account was successfully logged on. Account Name: gustavo Source Network Address: 192.168.1.12
07/20/2026 10:00:00,4624,Information,An account was successfully logged on. Account Name: deploy Source Network Address: 192.168.1.10
07/20/2026 10:08:00,4624,Information,An account was successfully logged on. Account Name: root Source Network Address: 192.168.1.11
07/20/2026 10:20:00,4624,Information,An account was successfully logged on. Account Name: gustavo Source Network Address: 192.168.1.10
07/20/2026 10:43:00,4624,Information,An account was successfully logged on. Account Name: gustavo Source Network Address: 192.168.1.10
07/20/2026 11:11:00,4624,Information,An account was successfully logged on. Account Name: deploy Source Network Address: 192.168.1.10
07/20/2026 11:40:00,4624,Information,An account was successfully logged on. Account Name: carla Source Network Address: 192.168.1.10
07/20/2026 12:06:00,4624,Information,An account was successfully logged on. Account Name: deploy Source Network Address: 192.168.1.12
07/20/2026 12:16:00,4624,Information,An account was successfully logged on. Account Name: root Source Network Address: 192.168.1.12
07/20/2026 12:26:00,4720,Information,A user account was created. Account Name: backdoor_adm Source Network Address: 203.0.113.5
